Uo(V),f(Hz),L(H),C(F),Ron,RL,RC,Psw1(W),Psw2(W),Prl(W),Prc(W),Pin(W),Po(W),Vo_Ripple(V),Vo_Ripple_factor,Efficiency
12.0053027059329,500000,1.66907346248627e-06,8e-06,0.00250363391637802,0.0015,0.0293515005707741,2.30520212662899,0.27736542759782,5.40939892168524,0.0255605688117069,1041.71118658769,1030.03215252784,0.0262614098315019,0.00218689500255227,0.988788606467682
