y_mu,y_sigma
0.01031005315174745,0.003303641846551063
0.6909144801683323,0.08510780970173713
