parameter,value
f(Hz),500000.0
L(H),1.6690734624862671e-06
C(F),8e-06
Ron,0.002503633916378021
RL,0.0015
RC,0.029351500570774076
efficiency,0.9797500967979431
ripple,0.0027399661485105753
reward,50.399240827560426
